,4:Temperature_Habitacion_Sensor
0,17.8275
1,18.1207
2,18.4367
3,18.7513
4,19.0414
5,19.2773
6,19.5367
7,19.7307
8,19.9693
9,20.1407
10,20.3267
11,20.4713
12,20.9093
13,21.4253
14,21.8467
15,22.1573
16,22.404
17,22.7307
18,22.9373
19,23.2
20,23.436
21,23.668000000000003
22,23.851999999999997
23,24.0213
24,24.1413
25,24.268
26,24.38
27,24.0707
28,23.588
29,23.2867
30,23.031999999999996
31,22.7747
32,22.5533
33,22.351999999999997
34,22.1227
35,21.9347
36,21.7133
37,21.5373
38,21.348000000000003
39,21.148000000000003
40,20.9813
41,20.8107
42,20.66
43,20.4753
44,20.3147
45,20.164
46,19.9967
47,19.846
48,19.6773
49,19.526
50,19.3733
51,19.2087
52,19.0527
53,18.8973
54,18.734
55,18.5833
56,18.4167
57,18.2727
58,18.0973
59,17.9533
60,17.8173
61,17.654
62,17.5153
63,17.3267
64,17.1553
65,17.0253
66,16.894000000000002
67,16.7433
68,16.608
69,16.4307
70,16.2933
71,16.174
72,16.035999999999998
73,15.9227
74,15.8607
75,15.74
76,15.6427
77,15.5307
78,15.4753
79,15.3773
80,15.6793
81,16.2273
82,16.6473
83,17.0253
84,17.3987
85,17.7927
86,18.2633
87,18.712
88,19.2667
89,19.8067
90,20.3413
91,20.8453
92,21.451999999999998
93,21.788
94,21.836
95,21.6173
96,21.424
97,21.6
98,21.8587
99,22.0573
100,22.1907
101,22.34
102,22.4707
103,22.62
104,22.624000000000002
105,22.691999999999997
106,22.7347
107,22.78
108,22.816
109,22.8213
110,22.808000000000003
111,22.776
112,22.7347
113,22.6907
114,22.608
115,22.5613
116,22.484
117,22.3867
118,22.2987
119,22.1787
120,22.064
121,21.951999999999998
122,21.8613
123,21.74
124,21.624000000000002
125,21.496
126,21.3867
127,21.2507
128,21.1293
129,21.028000000000002
130,20.896
131,20.816
132,20.6813
133,20.572
134,20.4173
135,20.308
136,20.1407
137,19.9987
138,19.9033
139,19.7833
140,19.658
141,19.52
142,19.4027
143,19.3573
144,19.5787
145,19.672
146,19.7
147,19.7033
148,19.684
149,19.648
150,19.55
151,19.4333
152,19.382
153,19.3153
154,19.3
155,19.2733
156,19.2267
157,19.1367
158,19.13
159,19.1133
160,19.0867
161,19.06
162,19.048
163,19.004
164,19.0
165,19.0
166,18.99
167,18.9447
168,18.9207
169,18.8607
170,18.7953
171,18.7267
172,18.672
173,18.6067
174,18.54
175,18.5
176,18.496
177,18.52
178,18.4907
179,18.1873
180,18.0307
181,18.04
182,18.035999999999998
183,18.0753
184,18.166
185,18.204
186,18.316
187,18.4647
188,18.6193
189,18.7947
190,18.9613
191,19.1713
192,19.3553
193,19.532
194,19.724
195,19.9
196,20.0133
197,20.1993
198,20.352
199,20.476
200,20.5773
201,20.644000000000002
202,20.7027
203,20.744
204,20.8133
205,20.844
206,20.8107
207,20.8187
208,20.8373
209,20.8347
210,20.8013
211,20.791999999999998
212,20.732
213,20.676
214,20.628
215,20.5493
216,20.454
217,20.36
218,20.2733
219,20.1627
220,20.0473
221,19.9367
222,19.855999999999998
223,19.7567
224,19.6433
225,19.52
226,19.4367
227,19.338
228,19.22
229,19.1167
230,18.9793
231,18.8913
232,18.7913
233,18.6867
234,18.58
235,18.44
236,18.3333
237,18.2247
238,18.0773
239,17.98
240,17.862000000000002
241,17.766
242,17.6153
243,17.516
244,17.42
245,17.312
246,17.1813
247,17.0573
248,16.9153
249,16.78
250,16.6573
251,16.53
252,16.384
253,16.29
254,16.1487
255,16.032
256,15.9367
257,15.8313
258,15.7127
259,15.5847
260,15.4687
261,15.3593
262,15.212
263,15.12
264,14.9953
265,14.8627
266,14.7667
267,14.6507
268,14.556
269,14.458
270,14.41
271,14.342
272,14.3067
273,14.2733
274,14.2967
275,14.3753
276,14.472000000000001
277,14.594000000000001
278,14.7667
279,14.9827
280,15.1887
281,15.437999999999999
282,15.684000000000001
283,15.9567
284,16.244
285,16.558
286,16.844
287,17.142
288,17.4187
289,17.682000000000002
290,17.952
291,18.166
292,18.4153
293,18.6153
294,18.7973
295,19.002
296,19.1847
297,19.3053
298,19.4547
299,19.59
300,19.694000000000003
301,19.7767
302,19.8
303,19.8373
304,19.894000000000002
305,19.92
306,19.93
307,19.8893
308,19.886
309,19.8467
310,19.7767
311,19.7467
312,19.684
313,19.6
314,19.542
315,19.4533
316,19.3887
317,19.328
318,19.2867
319,19.184
320,19.1367
321,19.0647
322,18.9627
323,18.896
324,18.8153
325,18.7227
326,18.6173
327,18.52
328,18.4573
329,18.3593
330,18.232
331,18.1647
332,18.0867
333,17.9947
334,17.8553
335,17.8007
336,17.7053
337,17.6067
338,17.508
339,17.4033
340,17.3527
341,17.2427
342,17.1433
343,17.054000000000002
344,16.9433
345,16.8427
346,16.722
347,16.6233
348,16.53
349,16.4233
350,16.326
351,16.2247
352,16.1033
353,15.9947
354,15.9033
355,15.8133
356,15.7187
357,15.6307
358,15.5447
359,15.4367
360,15.3247
361,15.26
362,15.1807
363,15.074000000000002
364,15.004000000000001
365,14.9533
366,14.8947
367,14.868
368,14.8333
369,14.856
370,14.8933
371,14.9893
372,15.1233
373,15.3167
374,15.52
375,15.7787
376,16.0433
377,16.3513
378,16.6787
379,17.0093
380,17.3733
381,17.7327
382,18.0813
383,18.462
384,18.8107
385,19.168
386,19.5113
387,19.8427
388,20.146
389,20.4473
390,20.74
391,20.9973
392,21.1987
393,21.48
394,21.7
395,21.9
396,22.0813
397,22.2333
398,22.3627
399,22.428
400,22.5453
401,22.608
402,22.656
403,22.6987
404,22.6933
405,22.7213
406,22.7067
407,22.7
408,22.671999999999997
409,22.664
410,22.62
411,22.58
412,22.5453
413,22.46
414,22.4147
415,22.344
416,22.311999999999998
417,22.24
418,22.1413
419,22.064
420,21.944000000000003
421,21.8347
422,21.7267
423,21.6413
424,21.5427
425,21.44
426,21.331999999999997
427,21.244
428,21.1333
429,21.0173
430,20.9267
431,20.8133
432,20.7027
433,20.608
434,20.4853
435,20.392
436,20.3007
437,20.188
438,20.1073
439,20.0
440,19.9493
441,19.8933
442,19.7733
443,19.74
444,19.65
445,19.5467
446,19.477999999999998
447,19.4033
448,19.3153
449,19.204
450,19.1167
451,18.988
452,18.8993
453,18.8007
454,18.6707
455,18.6
456,18.5007
457,18.3613
458,18.2667
459,18.18
460,18.09
461,18.0127
462,17.9267
463,17.88
464,17.848
465,17.852
466,17.9067
467,17.9773
468,18.0713
469,18.274
470,18.4667
471,18.6693
472,18.8907
473,19.124000000000002
474,19.3593
475,19.612000000000002
476,19.896
477,20.1787
478,20.4807
479,20.74
480,21.008000000000003
481,21.244
482,21.544
483,21.791999999999998
484,22.0333
485,22.232
486,22.4133
487,22.608
488,22.7773
489,22.924
490,23.0587
491,23.1813
492,23.2613
493,23.368000000000002
494,23.4227
495,23.456
496,23.5
497,23.511999999999997
498,23.504
499,23.484
500,23.4773
501,23.4333
502,23.375999999999998
503,23.328000000000003
504,23.248
505,23.1653
506,23.088
507,22.9787
508,22.908
509,22.811999999999998
510,22.732
511,22.62
512,22.5493
513,22.436
514,22.351999999999997
515,22.272
516,22.1627
517,22.0693
518,21.9787
519,21.86
520,21.7853
521,21.668000000000003
522,21.564
523,21.4293
524,21.331999999999997
525,21.2053
526,21.1067
527,20.951999999999998
528,20.8267
529,20.728
530,20.5867
531,20.46
532,20.3333
533,20.184
534,20.0513
535,19.9513
536,19.8207
537,19.708
538,19.5073
539,19.4027
540,19.28
541,19.1587
542,18.9833
543,18.8673
544,18.7433
545,18.5967
546,18.472
547,18.305999999999997
548,18.178
549,18.067999999999998
550,17.9433
551,17.8107
552,17.676
553,17.508
554,17.4167
555,17.284000000000002
556,17.1513
557,17.05
558,16.9367
559,16.8993
560,16.852
561,16.8367
562,16.8
563,16.8133
564,16.884
565,16.94
566,16.96
567,16.9973
568,17.11
569,17.2353
570,17.4653
571,17.6967
572,17.9613
573,18.2707
574,18.5447
575,18.7987
576,18.9633
577,19.144000000000002
578,19.3513
579,19.5573
580,19.6827
581,19.7933
582,19.932000000000002
583,20.0893
584,20.206
585,20.326
586,20.4167
587,20.508000000000003
588,20.564
589,20.584
590,20.64
591,20.656
592,20.624000000000002
593,20.604
594,20.572
595,20.516
596,20.4813
597,20.42
598,20.328
599,20.2333
600,20.1507
601,20.0667
602,19.9787
603,19.8893
604,19.7967
605,19.712
606,19.586
607,19.444000000000003
608,19.3553
609,19.2667
610,19.1527
611,19.018
612,18.8973
613,18.7627
614,18.632
615,18.486
616,18.3887
617,18.2767
618,18.1667
619,18.0167
620,17.9127
621,17.8187
622,17.7153
623,17.5733
624,17.4893
625,17.41
626,17.3013
627,17.188
628,17.1267
629,17.028
630,16.9333
631,16.864
632,16.7887
633,16.72
634,16.632
635,16.508
636,16.426
637,16.32
638,16.2133
639,16.1267
640,16.0667
641,16.0093
642,15.9047
643,15.8307
644,15.7387
645,15.6507
646,15.526
647,15.44
648,15.3407
649,15.2213
650,15.0773
651,14.9467
652,14.7867
653,14.6727
654,14.5707
655,14.498
656,14.4133
657,14.3447
658,14.26
659,14.1667
660,14.1267
661,14.0687
662,14.052
663,13.9833
664,13.96
665,13.93
666,13.9067
667,13.8567
668,13.8293
669,13.825999999999999
670,13.7947
671,13.7767
672,13.77
673,13.6987
674,13.654000000000002
675,13.677999999999999
676,13.682
677,13.6267
678,13.6267
679,13.6167
680,13.614
681,13.61
682,13.5867
683,13.57
684,13.55
685,13.5367
686,13.478
687,13.4473
688,13.4207
689,13.4147
690,13.378
691,13.315999999999999
692,13.302
693,13.272
694,13.23
695,13.177999999999999
696,13.1533
697,13.0933
698,13.0333
699,12.9567
700,12.8527
701,12.7967
702,12.708
703,12.638
704,12.5967
705,12.5667
706,12.4713
707,12.3867
708,12.332
709,12.2767
710,12.2493
711,12.2153
712,12.2107
713,12.1687
714,12.1367
715,12.1027
716,12.0593
717,12.0247
718,11.95
719,11.92
720,11.89
721,11.8933
722,11.8833
723,11.8547
724,11.8493
725,11.8553
726,11.838
727,11.8653
728,11.8967
729,11.8933
730,11.8867
731,11.9067
732,11.94
733,11.9267
734,11.92
735,11.9033
736,11.89
737,11.8767
738,11.89
739,11.8487
740,11.838
741,11.85
742,11.838
743,11.825999999999999
744,11.8067
745,11.7733
746,11.7633
747,11.7367
748,11.7267
749,11.6847
750,11.686
751,11.658
752,11.6387
753,11.6233
754,11.62
755,11.6233
756,11.6233
757,11.65
758,11.748
759,11.89
760,12.0113
761,12.1273
762,12.2493
763,12.446
764,12.6727
765,12.9413
766,13.2507
767,13.5507
768,13.9167
769,15.1893
770,15.706
771,15.814
772,16.3827
773,16.4167
774,16.4647
775,16.5753
776,16.698
777,16.7973
778,16.916
779,16.97
780,17.0593
781,17.11
782,17.352
783,17.6113
784,17.7367
785,17.7447
786,17.5073
787,17.3927
788,17.28
789,17.2067
790,17.1067
791,17.0067
792,16.8973
793,16.7653
794,16.6873
795,16.5627
796,16.4667
797,16.4027
798,16.304000000000002
799,16.1887
800,16.072
801,15.964
802,15.8567
803,15.725999999999999
804,15.5813
805,15.4713
806,15.344000000000001
807,15.2293
808,15.1033
809,15.0027
810,14.876
811,14.7
812,14.5573
813,14.4067
814,14.2767
815,14.1207
816,13.985999999999999
817,13.876
818,13.75
819,13.6513
820,13.5307
821,13.4267
822,13.3333
823,13.255999999999998
824,13.14
825,13.0473
826,12.93
827,12.8367
828,12.708
829,12.61
830,12.5013
831,12.3887
832,12.2867
833,12.1647
834,12.0613
835,11.9567
836,11.862
837,11.74
838,11.6453
839,11.5453
840,11.42
841,11.32
842,11.2247
843,11.144
844,11.0893
845,11.075999999999999
846,11.0787
847,11.1067
848,11.1513
849,11.2247
850,11.3453
851,11.5087
852,11.7213
853,11.9413
854,12.1713
855,12.4453
856,12.7287
857,13.046
858,13.37
859,13.735999999999999
860,14.0913
861,14.44
862,14.7947
863,15.1373
864,15.462
865,15.7833
866,16.054000000000002
867,16.412
868,16.7027
869,16.9967
870,17.1533
871,17.3093
872,17.4413
873,17.5967
874,17.7107
875,17.8047
876,17.9047
877,17.98
878,18.0693
879,18.1167
880,18.1433
881,18.2793
882,18.32
883,18.2767
884,18.2467
885,18.208
886,18.1467
887,18.1033
888,18.07
889,18.0047
890,17.93
891,17.864
892,17.7987
893,17.7333
894,17.6333
895,17.5767
896,17.508
897,17.43
898,17.3593
899,17.24
900,17.1727
901,17.0833
902,16.9953
903,16.916
904,16.8107
905,16.7087
906,16.61
907,16.4973
908,16.3847
909,16.2967
910,16.1993
911,16.1033
912,16.0087
913,15.9047
914,15.8173
915,15.714
916,15.6087
917,15.5033
918,15.4067
919,15.2833
920,15.1773
921,15.0713
922,14.9933
923,14.9233
924,14.8233
925,14.7227
926,14.6273
927,14.5613
928,14.4613
929,14.3693
930,14.2567
931,14.1593
932,14.0793
933,13.9633
934,13.8867
935,13.777999999999999
936,13.6727
937,13.5933
938,13.5067
939,13.444
940,13.38
941,13.3187
942,13.304
943,13.31
944,13.3093
945,13.3473
946,13.4087
947,13.5307
948,13.6907
949,13.7927
950,13.9793
951,14.2473
952,14.5053
953,14.7853
954,15.078
955,15.415999999999999
956,15.7553
957,16.055999999999997
958,16.352
959,16.6627
960,16.9353
961,17.2307
962,17.4973
963,17.746
964,17.994
965,18.1853
966,18.3693
967,18.554000000000002
968,18.7393
969,18.8747
970,18.9827
971,19.1233
972,19.2533
973,19.3327
974,19.375999999999998
975,19.42
976,19.44
977,19.492
978,19.5
979,19.504
980,19.4733
981,19.48
982,19.4367
983,19.3933
984,19.314
985,19.2833
986,19.1993
987,19.144000000000002
988,19.08
989,18.9687
990,18.926
991,18.854
992,18.76
993,18.7267
994,18.648
995,18.57
996,18.4767
997,18.3827
998,18.348
999,18.2567
1000,18.1887
1001,18.11
1002,18.0047
1003,17.9233
1004,17.8273
1005,17.7433
1006,17.6387
1007,17.57
1008,17.488
1009,17.42
1010,17.3153
1011,17.2467
1012,17.1547
1013,17.064
1014,16.9433
1015,16.88
1016,16.7827
1017,16.6893
1018,16.59
1019,16.5193
1020,16.4067
1021,16.2967
1022,16.1927
1023,16.0833
1024,15.9947
1025,15.9007
1026,15.78
1027,15.724
1028,15.616
1029,15.5187
1030,15.41
1031,15.2733
1032,15.196
1033,15.09
1034,14.9807
1035,14.9067
1036,14.8393
1037,14.7933
1038,14.7467
1039,14.7367
1040,14.6927
1041,14.73
1042,14.76
1043,14.8427
1044,14.992
1045,15.136
1046,15.3187
1047,15.552
1048,15.7987
1049,16.0407
1050,16.316
1051,16.604
1052,16.894000000000002
1053,17.195999999999998
1054,17.4973
1055,17.7807
1056,18.0593
1057,18.3313
1058,18.4533
1059,18.5307
1060,18.714000000000002
1061,18.8793
1062,19.026
1063,19.2033
1064,19.2467
1065,19.2533
1066,19.2967
1067,19.355999999999998
1068,19.3833
1069,19.43
1070,19.504
1071,19.535999999999998
1072,19.484
1073,19.5193
1074,19.5313
1075,19.54
1076,19.528
1077,19.464000000000002
1078,19.43
1079,19.4133
1080,19.364
1081,19.3133
1082,19.2633
1083,19.17
1084,19.1033
1085,19.04
1086,18.97
1087,18.8987
1088,18.8133
1089,18.7533
1090,18.664
1091,18.5733
1092,18.5353
1093,18.45
1094,18.3627
1095,18.27
1096,18.1533
1097,18.0933
1098,17.9987
1099,17.8673
1100,17.8187
1101,17.74
1102,17.65
1103,17.5593
1104,17.4673
1105,17.355999999999998
1106,17.2833
1107,17.195999999999998
1108,17.11
1109,17.0107
1110,16.908
1111,16.808
1112,16.7087
1113,16.59
1114,16.4827
1115,16.378
1116,16.2733
1117,16.16
1118,16.0867
1119,15.9807
1120,15.88
1121,15.758
1122,15.672
1123,15.595999999999998
1124,15.5013
1125,15.3713
1126,15.2873
1127,15.1633
1128,15.0867
1129,14.9633
1130,14.8993
1131,14.8373
1132,14.7467
1133,14.7267
1134,14.674000000000001
1135,14.638
1136,14.6133
1137,14.654000000000002
1138,14.7247
1139,14.8347
1140,14.982000000000001
1141,15.1567
1142,15.376
1143,15.6053
1144,15.878
1145,16.1647
1146,16.4693
1147,16.7853
1148,17.0887
1149,17.4153
1150,17.7593
1151,18.0533
1152,18.4087
1153,18.678
1154,18.98
1155,19.2273
1156,19.4727
1157,19.6933
1158,19.9093
1159,20.0947
1160,20.262
1161,20.4447
1162,20.5707
1163,20.66
1164,20.788
1165,20.8453
1166,20.912
1167,20.9813
1168,21.024
1169,21.035999999999998
1170,21.052
1171,21.06
1172,21.028000000000002
1173,20.9867
1174,20.9627
1175,20.908
1176,20.8373
1177,20.768
1178,20.7093
1179,20.616
1180,20.5533
1181,20.4267
1182,20.352
1183,20.2667
1184,20.1387
1185,20.064
1186,19.97
1187,19.8553
1188,19.7833
1189,19.694000000000003
1190,19.56
1191,19.4867
1192,19.3567
1193,19.2633
1194,19.1493
1195,18.976
1196,18.8573
1197,18.7333
1198,18.6133
1199,18.498
1200,18.374000000000002
1201,18.22
1202,18.1133
1203,17.9813
1204,17.8427
1205,17.7433
1206,17.6047
1207,17.474
1208,17.384
1209,17.2447
1210,17.1067
1211,17.0053
1212,16.9
1213,16.7627
1214,16.6327
1215,16.494
1216,16.3633
1217,16.2733
1218,16.17
1219,16.0793
1220,15.974
1221,15.872
1222,15.7453
1223,15.684000000000001
1224,15.582
1225,15.4687
1226,15.3407
1227,15.2373
1228,15.1607
1229,15.11
1230,15.0273
1231,15.0
1232,14.9767
1233,15.004000000000001
1234,15.0787
1235,15.1827
1236,15.3333
1237,15.4987
1238,15.6973
1239,15.9273
1240,16.1867
1241,16.4687
1242,16.796
1243,17.2453
1244,17.6933
1245,18.105999999999998
1246,18.4793
1247,18.8673
1248,19.2593
1249,19.608
1250,19.9887
1251,20.316
1252,20.6107
1253,20.8613
1254,21.0987
1255,21.2853
1256,21.4707
1257,21.6053
1258,21.7813
1259,21.888
1260,21.996
1261,22.088
1262,22.1587
1263,22.208000000000002
1264,22.228
1265,22.244
1266,22.26
1267,22.232
1268,22.2053
1269,22.164
1270,22.092
1271,22.0253
1272,21.956
1273,21.864
1274,21.7613
1275,21.6627
1276,21.5773
1277,21.4627
1278,21.3813
1279,21.2933
1280,21.191999999999997
1281,21.1
1282,21.0
1283,20.888
1284,20.8147
1285,20.6933
1286,20.6093
1287,20.504
1288,20.3693
1289,20.246
1290,20.137999999999998
1291,20.0253
1292,19.8807
1293,19.7833
1294,19.6213
1295,19.5153
1296,19.4067
1297,19.2733
1298,19.1707
1299,19.0287
1300,18.9067
1301,18.8007
1302,18.686
1303,18.56
1304,18.464000000000002
1305,18.348
1306,18.2227
1307,18.1133
1308,17.9967
1309,17.8453
1310,17.7467
1311,17.6353
1312,17.504
1313,17.41
1314,17.3007
1315,17.188
1316,17.0673
1317,16.9367
1318,16.8233
1319,16.7093
1320,16.5627
1321,16.4333
1322,16.3287
1323,16.28
1324,16.1873
1325,16.11
1326,16.0867
1327,16.06
1328,16.016
1329,16.04
1330,16.0727
1331,16.174
1332,16.2767
1333,16.4527
1334,16.63
1335,16.8487
1336,17.0813
1337,17.3453
1338,17.5693
1339,17.8407
1340,18.1027
1341,18.3733
1342,18.682000000000002
1343,18.9627
1344,19.274
1345,19.49
1346,19.756
1347,19.977999999999998
1348,20.1287
1349,20.334
1350,20.472
1351,20.608
1352,20.7587
1353,20.84
1354,20.9293
1355,21.055999999999997
1356,21.1307
1357,21.168000000000003
1358,21.191999999999997
1359,21.2387
1360,21.264
1361,21.26
1362,21.2467
1363,21.2173
1364,21.1387
1365,21.0253
1366,20.9547
1367,20.8533
1368,20.724
1369,20.636
1370,20.524
1371,20.3853
1372,20.2493
1373,20.0873
1374,19.924
1375,19.81
1376,19.6687
1377,19.4933
1378,19.3733
1379,19.2453
1380,19.0827
1381,18.9553
1382,18.8253
1383,18.7233
1384,18.5967
1385,18.434
1386,18.3187
1387,18.1707
1388,18.028
1389,17.8967
1390,17.7593
1391,17.598
1392,17.5007
1393,17.374000000000002
1394,17.2093
1395,17.1167
1396,16.9887
1397,16.817999999999998
1398,16.726
1399,16.604
1400,16.4513
1401,16.308
1402,16.2107
1403,16.064
1404,15.9367
1405,15.81
1406,15.706
1407,15.595999999999998
1408,15.488
1409,15.4167
1410,15.2933
1411,15.1607
1412,15.0653
1413,14.96
1414,14.88
1415,14.78
1416,14.665999999999999
1417,14.585999999999999
1418,14.4713
1419,14.4347
1420,14.3713
1421,14.38
1422,14.3593
1423,14.3833
1424,14.424000000000001
1425,14.5073
1426,14.6247
1427,14.798
1428,15.004000000000001
1429,15.248
1430,15.5233
1431,15.8653
1432,16.1953
1433,16.5227
1434,16.8713
1435,17.2167
1436,17.548
1437,17.8833
1438,18.2447
1439,18.604
1440,18.8893
1441,19.1953
1442,19.4227
1443,19.6747
1444,19.8953
1445,20.0687
1446,20.2413
1447,20.4667
1448,20.664
1449,21.0147
1450,21.4267
1451,21.6893
1452,21.7493
1453,21.732
1454,21.744
1455,21.772
1456,21.8227
1457,21.948
1458,21.9813
1459,22.0
1460,21.9893
1461,21.976
1462,21.951999999999998
1463,21.8693
1464,21.8267
1465,21.7587
1466,21.704
1467,21.6187
1468,21.555999999999997
1469,21.451999999999998
1470,21.3813
1471,21.2933
1472,21.191999999999997
1473,21.1213
1474,21.035999999999998
1475,20.9507
1476,20.864
1477,20.78
1478,20.695999999999998
1479,20.5973
1480,20.4927
1481,20.362000000000002
1482,20.2633
1483,20.1147
1484,20.0207
1485,19.9073
1486,19.75
1487,19.6067
1488,19.508
1489,19.3933
1490,19.28
1491,19.1327
1492,19.0127
1493,18.8953
1494,18.7567
1495,18.63
1496,18.5373
1497,18.3833
1498,18.27
1499,18.154
1500,18.0653
1501,17.9347
1502,17.8307
1503,17.72
1504,17.6353
1505,17.5153
1506,17.4233
1507,17.316
1508,17.1987
1509,17.0607
1510,16.96
1511,16.817999999999998
1512,16.7213
1513,16.6233
1514,16.5513
1515,16.4167
1516,16.348
1517,16.3167
1518,16.2733
1519,16.2367
1520,16.2267
1521,16.2293
1522,16.3007
1523,16.4033
1524,16.5413
1525,16.724
1526,16.9173
1527,17.1527
1528,17.4147
1529,17.6987
1530,17.964000000000002
1531,18.3093
1532,18.6247
1533,18.936
1534,19.2667
1535,19.5187
1536,19.85
1537,20.12
1538,20.4293
1539,20.668000000000003
1540,20.92
1541,21.1373
1542,21.3227
1543,21.5627
1544,21.7493
1545,21.928
1546,22.0813
1547,22.22
1548,22.3053
1549,22.4347
1550,22.5427
1551,22.592
1552,22.684
1553,22.7213
1554,22.784000000000002
1555,22.796
1556,22.7573
1557,22.744
1558,22.6787
1559,22.671999999999997
1560,22.5813
1561,22.544
1562,22.464000000000002
1563,22.3867
1564,22.3067
1565,22.228
1566,22.1253
1567,22.0307
1568,21.9493
1569,21.848000000000003
1570,21.7493
1571,21.656
1572,21.5293
1573,21.424
1574,21.264
1575,21.131999999999998
1576,21.0
1577,20.8613
1578,20.7493
1579,20.6053
1580,20.4513
1581,20.3407
1582,20.2173
1583,20.0653
1584,19.9633
1585,19.8393
1586,19.74
1587,19.6113
1588,19.4753
1589,19.3887
1590,19.29
1591,19.1533
1592,19.0653
1593,18.944000000000003
1594,18.8133
1595,18.74
1596,18.632
1597,18.524
1598,18.4267
1599,18.3153
1600,18.182000000000002
1601,18.0667
1602,17.9667
1603,17.855999999999998
1604,17.7247
1605,17.59
1606,17.5087
1607,17.4167
1608,17.3013
1609,17.1773
1610,17.0753
1611,16.9467
1612,16.8573
1613,16.7687
1614,16.7553
1615,16.7433
1616,16.7267
1617,16.7367
1618,16.8173
1619,16.942
1620,17.0927
1621,17.305999999999997
1622,17.5433
1623,17.817999999999998
1624,18.1313
1625,18.444000000000003
1626,18.8133
1627,19.174
1628,19.5407
1629,19.887999999999998
1630,20.2947
1631,20.651999999999997
1632,21.0427
1633,21.444000000000003
1634,21.7333
1635,22.0453
1636,22.3733
1637,22.6507
1638,22.9147
1639,23.1747
1640,23.436
1641,23.6653
1642,23.88
1643,24.0613
1644,24.2493
1645,24.4027
1646,24.5267
1647,24.6293
1648,24.7373
1649,24.8013
1650,24.8747
1651,24.912
1652,24.944000000000003
1653,24.944000000000003
1654,24.944000000000003
1655,24.896
1656,24.88
1657,24.8267
1658,24.7947
1659,24.724
1660,24.6507
1661,24.5893
1662,24.4973
1663,24.4187
1664,24.3493
1665,24.2613
1666,24.1493
1667,24.0387
1668,23.9307
1669,23.8213
1670,23.6973
1671,23.572
1672,23.4733
1673,23.364
1674,23.2853
1675,23.1627
1676,23.055999999999997
1677,22.9587
1678,22.8333
1679,22.748
1680,22.6173
1681,22.5213
1682,22.38
1683,22.2907
1684,22.1493
1685,22.055999999999997
1686,21.9253
1687,21.7973
1688,21.6453
1689,21.5373
1690,21.3987
1691,21.291999999999998
1692,21.1627
1693,21.055999999999997
1694,20.9547
1695,20.851999999999997
1696,20.7307
1697,20.624000000000002
1698,20.4853
1699,20.387999999999998
1700,20.2633
1701,20.1227
1702,19.9987
1703,19.9113
1704,19.7933
1705,19.686
1706,19.59
1707,19.508
1708,19.44
1709,19.36
1710,19.34
1711,19.304000000000002
1712,19.28
1713,19.328
1714,19.3827
1715,19.4907
1716,19.64
1717,19.7867
1718,19.9727
1719,20.215999999999998
1720,20.482
1721,20.7227
1722,20.9667
1723,21.195999999999998
1724,21.4693
1725,21.744
1726,22.0347
1727,22.3453
1728,22.62
1729,22.831999999999997
1730,23.02
1731,23.184
1732,23.3333
1733,23.436
1734,23.54
1735,23.584
1736,23.588
1737,23.64
1738,23.691999999999997
1739,23.695999999999998
1740,23.7187
1741,23.74
1742,23.7267
1743,23.74
1744,23.74
1745,23.6947
1746,23.671999999999997
1747,23.6
1748,23.564
1749,23.508000000000003
1750,23.464000000000002
1751,23.38
1752,23.331999999999997
1753,23.2667
1754,23.2
1755,23.124000000000002
1756,23.052
1757,22.9587
1758,22.8747
1759,22.7987
1760,22.7067
1761,22.616
1762,22.5373
1763,22.4133
1764,22.3307
1765,22.244
1766,22.1267
1767,22.035999999999998
1768,21.928
1769,21.8027
1770,21.688000000000002
1771,21.5467
1772,21.4467
1773,21.32
1774,21.1773
1775,21.0853
1776,20.9307
1777,20.836
1778,20.7107
1779,20.576
1780,20.4273
1781,20.2947
1782,20.136
1783,19.9847
1784,19.8893
1785,19.7667
1786,19.5967
1787,19.498
1788,19.3853
1789,19.2473
1790,19.12
1791,19.0
1792,18.8587
1793,18.7853
1794,18.68
1795,18.54
1796,18.4647
1797,18.3447
1798,18.236
1799,18.12
1800,17.9953
1801,17.9227
1802,17.8213
1803,17.7467
1804,17.6487
1805,17.6033
1806,17.542
1807,17.524
1808,17.5
1809,17.5307
1810,17.6
1811,17.7173
1812,17.8407
1813,18.0387
1814,18.2347
1815,18.494
1816,18.752
1817,19.008
1818,19.2947
1819,19.5393
1820,19.8473
1821,20.136
1822,20.426
1823,20.7213
1824,21.0027
1825,21.2893
1826,21.544
1827,21.7827
1828,22.0213
1829,22.2307
1830,22.404
1831,22.584
1832,22.756
1833,22.8733
1834,22.976
1835,23.1213
1836,23.236
1837,23.2733
1838,23.328000000000003
1839,23.348000000000003
1840,23.396
1841,23.392
1842,23.408
1843,23.4
1844,23.416
1845,23.388
1846,23.34
1847,23.3133
1848,23.2733
1849,23.208000000000002
1850,23.1307
1851,23.072
1852,22.98
1853,22.9
1854,22.8213
1855,22.728
1856,22.651999999999997
1857,22.56
1858,22.464000000000002
1859,22.3907
1860,22.2973
1861,22.2173
1862,22.131999999999998
1863,22.024
1864,21.94
1865,21.84
1866,21.7373
1867,21.612
1868,21.5293
1869,21.46
1870,21.368000000000002
1871,21.2613
1872,21.1547
1873,21.072
1874,20.968000000000004
1875,20.892
1876,20.788
1877,20.7093
1878,20.5947
1879,20.5187
1880,20.4033
1881,20.3407
1882,20.2427
1883,20.1407
1884,20.0967
1885,20.0
1886,19.95
1887,19.8667
1888,19.8267
1889,19.7433
1890,19.71
1891,19.6247
1892,19.5467
1893,19.524
1894,19.45
1895,19.4
1896,19.3107
1897,19.2767
1898,19.2267
1899,19.1547
1900,19.1133
1901,19.0667
1902,19.024
1903,18.9967
1904,18.9767
1905,18.9867
1906,19.016
1907,19.0833
1908,19.1613
1909,19.2327
1910,19.3373
1911,19.374000000000002
1912,19.5713
1913,19.7633
1914,19.8493
1915,20.028
1916,20.1953
1917,20.2333
1918,20.358
1919,20.6693
1920,20.8267
1921,20.8187
1922,20.816
1923,20.896
1924,20.988000000000003
1925,21.024
1926,21.024
1927,21.064
1928,21.064
1929,21.048000000000002
1930,20.9813
1931,20.9893
1932,20.8573
1933,20.7267
1934,20.631999999999998
1935,20.636
1936,20.592
1937,20.4247
1938,20.42
1939,20.4167
1940,20.684
1941,20.868000000000002
1942,20.916
1943,20.884
1944,20.892
1945,20.84
1946,20.8227
1947,20.768
1948,20.7373
1949,20.651999999999997
1950,20.644000000000002
1951,20.5853
1952,20.535999999999998
1953,20.504
1954,20.4433
1955,20.4033
1956,20.344
1957,20.25
1958,20.2233
1959,20.168
1960,20.0973
1961,20.0633
1962,19.9913
1963,19.9533
1964,19.93
1965,19.8787
1966,19.8333
1967,19.8067
1968,19.7433
1969,19.684
1970,19.6167
1971,19.5267
1972,19.4733
1973,19.41
1974,19.3333
1975,19.2767
1976,19.195999999999998
1977,19.11
1978,19.0247
1979,18.9313
1980,18.816
1981,18.77
1982,18.68
1983,18.5967
1984,18.532
1985,18.4733
1986,18.4133
1987,18.338
1988,18.2633
1989,18.2467
1990,18.2
1991,18.15
1992,18.11
1993,18.07
1994,18.044
1995,18.004
1996,17.9967
1997,18.0
1998,18.0
1999,18.024
2000,18.035999999999998
2001,18.082
2002,18.1347
2003,18.24
2004,18.3333
2005,18.4167
2006,18.5193
2007,18.734
2008,18.8687
2009,19.028
2010,19.2513
2011,19.4873
2012,19.7493
2013,20.0847
2014,20.3053
2015,20.6067
2016,20.7893
2017,20.912
2018,21.112
2019,21.3547
2020,21.471999999999998
2021,21.5373
2022,21.6587
2023,21.78
2024,21.932
2025,22.044
2026,22.06
2027,22.06
2028,22.0013
2029,21.92
2030,21.9
2031,21.851999999999997
2032,21.7827
2033,21.78
2034,21.8027
2035,21.808000000000003
2036,21.84
2037,21.784000000000002
2038,21.748
2039,21.715999999999998
2040,21.6013
2041,21.531999999999996
2042,21.46
2043,21.44
2044,21.34
2045,21.2733
2046,21.1813
2047,21.1093
2048,21.004
2049,20.9507
2050,20.8667
2051,20.76
2052,20.6747
2053,20.62
2054,20.5493
2055,20.454
2056,20.4067
2057,20.3247
2058,20.242
2059,20.13
2060,20.0947
2061,20.0027
2062,19.9527
2063,19.894000000000002
2064,19.81
2065,19.7267
2066,19.6913
2067,19.6167
2068,19.524
2069,19.45
2070,19.41
2071,19.36
2072,19.2833
2073,19.26
2074,19.192
2075,19.13
2076,19.0493
2077,18.9733
2078,18.9313
2079,18.8587
2080,18.7827
2081,18.7333
2082,18.676
2083,18.6033
2084,18.56
2085,18.516
2086,18.474
2087,18.4
2088,18.3833
2089,18.336
2090,18.2967
2091,18.23
2092,18.23
2093,18.22
2094,18.184
2095,18.1407
2096,18.162
2097,18.215999999999998
2098,18.2533
2099,18.29
2100,18.372
2101,18.42
2102,18.4967
2103,18.532
2104,18.5567
2105,18.5867
2106,18.61
2107,18.715999999999998
2108,18.8067
2109,18.904
2110,19.032
2111,19.2513
2112,19.4553
2113,19.7213
2114,19.9313
2115,20.1427
2116,20.3407
2117,20.576
2118,20.691999999999997
2119,20.764
2120,20.928
2121,21.052
2122,21.1373
2123,21.184
2124,21.215999999999998
2125,21.18
2126,21.108
2127,21.02
2128,20.9707
2129,20.908
2130,20.8267
2131,20.7533
2132,20.688000000000002
2133,20.616
2134,20.5387
2135,20.45
2136,20.3747
2137,20.29
2138,20.174
2139,20.1053
2140,20.0053
2141,19.9367
2142,19.8453
2143,19.7567
2144,19.694000000000003
2145,19.5933
2146,19.5493
2147,19.458
2148,19.39
2149,19.344
2150,19.2633
2151,19.2227
2152,19.144000000000002
2153,19.0733
2154,19.0
2155,18.9667
2156,18.914
2157,18.8293
2158,18.8053
2159,18.7533
2160,18.6673
2161,18.652
2162,18.6
2163,18.524
2164,18.492
2165,18.4667
2166,18.4233
2167,18.372
2168,18.3207
2169,18.2767
2170,18.24
2171,18.195999999999998
2172,18.1333
2173,18.0967
2174,18.08
2175,18.032
2176,17.9767
2177,17.9367
2178,17.91
2179,17.855999999999998
2180,17.8213
2181,17.78
2182,17.7093
2183,17.66
2184,17.62
2185,17.5733
2186,17.5667
2187,17.516
2188,17.484
2189,17.47
2190,17.4333
2191,17.4133
2192,17.4233
2193,17.4567
2194,17.5153
2195,17.6787
2196,17.8073
2197,18.0073
2198,18.215999999999998
2199,18.424
2200,18.6787
2201,18.8887
2202,19.06
2203,19.2273
2204,19.4933
2205,19.816
2206,20.0947
2207,20.3447
2208,20.584
2209,20.7747
2210,21.0107
2211,21.156
2212,21.34
2213,21.504
2214,21.5693
2215,21.584
2216,21.631999999999998
2217,21.596
2218,21.612
2219,21.64
2220,21.676
2221,21.691999999999997
2222,21.7293
2223,21.715999999999998
2224,21.7107
2225,21.7133
2226,21.691999999999997
2227,21.62
2228,21.5653
2229,21.508000000000003
2230,21.456
2231,21.3933
2232,21.2907
2233,21.191999999999997
2234,21.1187
2235,20.9947
2236,20.912
2237,20.8147
2238,20.7133
2239,20.5853
2240,20.5007
2241,20.3853
2242,20.3087
2243,20.212
2244,20.1173
2245,20.0513
2246,19.938
2247,19.7767
2248,19.6473
2249,19.49
2250,19.3593
2251,19.25
2252,19.1407
2253,19.0353
2254,18.89
2255,18.824
2256,18.75
2257,18.68
2258,18.6
2259,18.4907
2260,18.43
2261,18.352
2262,18.2533
2263,18.1693
2264,18.1033
2265,18.0247
2266,17.9367
2267,17.828
2268,17.7793
2269,17.6907
2270,17.6
2271,17.516
2272,17.4533
2273,17.3633
2274,17.27
2275,17.162
2276,17.038
2277,16.97
2278,16.8793
2279,16.782
2280,16.7087
2281,16.6447
2282,16.5667
2283,16.512
2284,16.4733
2285,16.3967
2286,16.3833
2287,16.328
2288,16.26
2289,16.2433
2290,16.1627
2291,16.1267
2292,16.1
2293,16.0273
2294,16.016
2295,16.028
2296,16.1667
2297,16.2973
2298,16.3207
2299,16.3033
2300,16.448
2301,16.674
2302,16.918
2303,17.1707
2304,17.38
2305,17.634
2306,17.8813
2307,18.1073
2308,18.338
2309,18.535999999999998
2310,18.7487
2311,18.9327
2312,19.0947
2313,19.2633
2314,19.3653
2315,19.4827
2316,19.5667
2317,19.65
2318,19.7267
2319,19.7733
2320,19.8033
2321,19.8267
2322,19.84
2323,19.84
2324,19.8467
2325,19.81
2326,19.7667
2327,19.7333
2328,19.695999999999998
2329,19.62
2330,19.56
2331,19.4767
2332,19.3773
2333,19.348
2334,19.27
2335,19.1487
2336,19.0507
2337,18.984
2338,18.904
2339,18.8153
2340,18.702
2341,18.6033
2342,18.5347
2343,18.43
2344,18.34
2345,18.25
2346,18.137999999999998
2347,18.032
2348,17.875999999999998
2349,17.7667
2350,17.6673
2351,17.58
2352,17.4707
2353,17.3773
2354,17.26
2355,17.1313
2356,17.0287
2357,16.918
2358,16.7953
2359,16.686
2360,16.5793
2361,16.454
2362,16.326
2363,16.2367
2364,16.1433
2365,16.0687
2366,15.9633
2367,15.868
2368,15.748
2369,15.6767
2370,15.5827
2371,15.4933
2372,15.4027
2373,15.3253
2374,15.2433
2375,15.152000000000001
2376,15.0867
2377,15.002
2378,14.9533
2379,14.912
2380,14.9
2381,14.852
2382,14.8407
2383,14.884
2384,14.9433
2385,15.03
2386,15.1773
2387,15.3193
2388,15.508
2389,15.6467
2390,15.822000000000001
2391,15.95
2392,16.054000000000002
2393,16.1993
2394,16.364
2395,16.5433
2396,16.796
2397,16.97
2398,17.0933
2399,17.2347
2400,17.3367
2401,17.6013
2402,17.812
2403,18.0213
2404,18.188
2405,18.3727
2406,18.5213
2407,18.6567
2408,18.842
2409,18.9547
2410,19.1607
2411,19.3193
2412,19.45
2413,19.5627
2414,19.6727
2415,19.7667
2416,19.7933
2417,19.858
2418,19.902
2419,19.886
2420,19.874000000000002
2421,19.8433
2422,19.7933
2423,19.7667
2424,19.7033
2425,19.664
2426,19.61
2427,19.5187
2428,19.4567
2429,19.4
2430,19.2933
2431,19.25
2432,19.1487
2433,19.0633
2434,19.0027
2435,18.9287
2436,18.836
2437,18.7733
2438,18.72
2439,18.62
2440,18.56
2441,18.482
2442,18.3853
2443,18.25
2444,18.188
2445,18.0967
2446,18.024
2447,17.9333
2448,17.8287
2449,17.7187
2450,17.6367
2451,17.555999999999997
2452,17.4667
2453,17.4067
2454,17.308
2455,17.236
2456,17.1333
2457,17.0653
2458,16.9533
2459,16.8787
2460,16.7867
2461,16.7053
2462,16.61
2463,16.52
2464,16.4233
2465,16.3153
2466,16.2
2467,16.1367
2468,16.0613
2469,15.9353
2470,15.824000000000002
2471,15.7667
2472,15.682
2473,15.582
2474,15.495999999999999
2475,15.4267
2476,15.332
2477,15.324000000000002
2478,15.32
2479,15.3333
2480,15.4
2481,15.4887
2482,15.6447
2483,15.8047
2484,15.9987
2485,16.248
2486,16.5073
2487,16.7867
2488,17.0807
2489,17.3347
2490,17.586
2491,17.8793
2492,18.1987
2493,18.5267
2494,18.817999999999998
2495,19.156
2496,19.4693
2497,19.762
2498,20.0327
2499,20.3693
2500,20.6653
2501,20.9493
2502,21.188000000000002
2503,21.3947
2504,21.568
2505,21.7027
2506,21.864
2507,21.9613
2508,22.1
2509,22.204
2510,22.2813
2511,22.316
2512,22.38
2513,22.4093
2514,22.42
2515,22.404
2516,22.42
2517,22.3813
2518,22.351999999999997
2519,22.2933
2520,22.24
2521,22.1587
2522,22.092
2523,22.0227
2524,21.9573
2525,21.864
2526,21.7987
2527,21.6933
2528,21.6
2529,21.528000000000002
2530,21.416
2531,21.316
2532,21.22
2533,21.108
2534,21.0027
2535,20.9
2536,20.788
2537,20.6613
2538,20.56
2539,20.4507
2540,20.2973
2541,20.2133
2542,20.102
2543,19.9693
2544,19.882
2545,19.8067
2546,19.7033
2547,19.6033
2548,19.494
2549,19.4067
2550,19.328
2551,19.2427
2552,19.1313
2553,19.018
2554,18.8727
2555,18.75
2556,18.6607
2557,18.544
2558,18.46
2559,18.3587
2560,18.2447
2561,18.1267
2562,18.035999999999998
2563,17.9467
2564,17.8267
2565,17.7333
2566,17.6147
2567,17.4933
2568,17.4167
2569,17.3193
2570,17.2333
2571,17.1573
2572,17.0767
2573,17.055999999999997
2574,17.0867
2575,17.11
2576,17.1507
2577,17.244
2578,17.3753
2579,17.512
2580,17.6973
2581,17.8407
2582,18.0993
2583,18.3767
2584,18.6707
2585,18.9833
2586,19.2633
2587,19.5507
2588,19.8533
2589,20.154
2590,20.4287
2591,20.704
2592,20.932
2593,21.212
2594,21.4533
2595,21.6907
2596,21.896
2597,22.0853
2598,22.2667
2599,22.3973
2600,22.5187
2601,22.592
2602,22.7227
2603,22.8093
2604,22.8893
2605,22.951999999999998
2606,22.9747
2607,23.0293
2608,23.048000000000002
2609,23.048000000000002
2610,23.0147
2611,23.004
2612,22.9787
2613,22.928
2614,22.8653
2615,22.8013
2616,22.7027
2617,22.628
2618,22.5187
2619,22.408
2620,22.311999999999998
2621,22.204
2622,22.1027
2623,21.976
2624,21.884
2625,21.7493
2626,21.648000000000003
2627,21.516
2628,21.4333
2629,21.3093
2630,21.2067
2631,21.08
2632,20.9947
2633,20.8787
2634,20.8013
2635,20.6973
2636,20.5987
2637,20.5047
2638,20.3833
2639,20.2833
2640,20.195999999999998
2641,20.0667
2642,19.9867
2643,19.908
2644,19.8133
2645,19.7147
2646,19.6293
2647,19.56
2648,19.4613
2649,19.3813
2650,19.332
2651,19.2767
2652,19.18
2653,19.12
2654,19.0153
2655,18.942
2656,18.8773
2657,18.7753
2658,18.7467
2659,18.684
2660,18.6
2661,18.5433
2662,18.492
2663,18.4167
2664,18.328
2665,18.31
2666,18.2433
2667,18.215999999999998
2668,18.1647
2669,18.14
2670,18.11
2671,18.1067
2672,18.0867
2673,18.12
2674,18.1567
2675,18.2033
2676,18.2907
2677,18.448
2678,18.614
2679,18.73
2680,18.8727
2681,19.0807
2682,19.3387
2683,19.6147
2684,19.8913
2685,20.2293
2686,20.625999999999998
2687,20.908
2688,21.0733
2689,21.3707
2690,21.7173
2691,22.0427
2692,22.3547
2693,22.644000000000002
2694,22.88
2695,23.164
2696,23.408
2697,23.584
2698,23.8
2699,23.984
2700,24.124000000000002
2701,24.2653
2702,24.3707
2703,24.4707
2704,24.535999999999998
2705,24.6053
2706,24.6507
2707,24.688000000000002
2708,24.724
2709,24.732
2710,24.7347
2711,24.7347
2712,24.7147
2713,24.684
2714,24.64
2715,24.584
2716,24.5093
2717,24.4453
2718,24.388
2719,24.2933
2720,24.236
2721,24.1627
2722,24.1067
2723,24.024
2724,23.9787
2725,23.904
2726,23.816
2727,23.7293
2728,23.664
2729,23.5653
2730,23.5053
2731,23.408
2732,23.32
2733,23.244
2734,23.1187
2735,23.055999999999997
2736,22.9427
2737,22.8613
2738,22.76
2739,22.68
2740,22.5813
2741,22.488000000000003
2742,22.4067
2743,22.3267
2744,22.228
2745,22.1493
2746,22.0733
2747,21.976
2748,21.896
2749,21.784000000000002
2750,21.7013
2751,21.6
2752,21.5027
2753,21.4133
2754,21.304000000000002
2755,21.215999999999998
2756,21.1093
2757,21.0013
2758,20.896
2759,20.8187
2760,20.7053
2761,20.5827
2762,20.52
2763,20.44
